name,city,price,stars,rating,image_url,buffet,pool,sea,view,review
Hanoi Pearl Hotel,Hanoi,950000,4,4.5,https://dynamic-media-cdn.tripadvisor.com/media/photo-o/0c/15/79/c3/hanoi-pearl-hotel.jpg,FALSE,FALSE,FALSE,FALSE,"
<p style='font-size:18px; line-height:1.8; font-weight:bold; text-indent: 2em;'>
Khách sạn Hanoi Pearl, một khách sạn 4.0 sao nằm tại trung tâm Hà Nội, Việt Nam, là một điểm đến lý tưởng cho những ai muốn khám phá vẻ đẹp và văn hóa của thành phố cổ này. Với tọa lạc chỉ cách trung tâm thành phố 0.1 km, khách sạn này đem lại sự tiện lợi cho du khách khi muốn khám phá các điểm tham quan nổi tiếng trong khu vực. Hanoi Pearl Hotel có tổng cộng 70 phòng, đảm bảo rằng du khách sẽ có nơi nghỉ thoải mái và tiện nghi. Từ các phòng sang trọng và hiện đại cho đến các phòng gia đình rộng rãi, khách sạn này đáp ứng đa dạng nhu cầu của du khách. Với việc khách sạn được xây dựng vào năm 2013 và được tu sửa lại vào năm 2022, du khách có thể yên tâm về chất lượng và tiện nghi tại đây. Khách sạn Hanoi Pearl cho phép trẻ em từ 2 đến 5 tuổi lưu trú miễn phí, tạo điều kiện thuận lợi cho những gia đình đi du lịch cùng nhau. Đồng thời, với thời gian nhận phòng từ 02:00 PM và giờ trả phòng không sau 12:00 PM, du khách có thể thoải mái lên kế hoạch cho chuyến đi của mình. Dịch vụ đưa đón sân bay cũng được cung cấp, với thời gian đến sân bay chỉ mất khoảng 40 phút. Hãy trải nghiệm sự thoải mái và tiện nghi tại Hanoi Pearl Hotel và tận hưởng chuyến đi đáng nhớ tại Hà Nội.
<br>
<img src='/static/images/hotels/Hanoi Pearl Hotel/HanoiPearlHotel_review1.jpg' style='width:800px; display:block; margin:20px auto;'>
<br>
<p style='font-size:18px; line-height:1.8; font-weight:bold; text-indent: 2em;'>
Hanoi Pearl Hotel là một khách sạn tuyệt vời ở Hà Nội, Việt Nam, với nhiều tiện ích tiện lợi để đáp ứng nhu cầu của khách hàng. Khách sạn cung cấp dịch vụ phòng 24 giờ, giúp bạn có thể gọi đồ ăn và đồ uống ngay tại phòng mọi lúc trong ngày. Ngoài ra, khách sạn còn có dịch vụ giặt là, giúp bạn giữ quần áo luôn sạch sẽ và gọn gàng trong suốt thời gian lưu trú. Hanoi Pearl Hotel cũng cung cấp dịch vụ hỗ trợ phòng, bao gồm hộp đựng đồ có tính bảo mật, nhân viên lễ tân nhiệt tình và nhanh nhẹn. Bạn cũng có thể truy cập Wi-Fi miễn phí tại các khu vực công cộng của khách sạn. Nếu bạn là người hút thuốc, hãy yên tâm vì khách sạn có khu vực riêng để hút thuốc. Ngoài ra, Wi-Fi cũng được cung cấp miễn phí trong tất cả các phòng. Để tiện cho việc lưu trữ hành lý, khách sạn cung cấp dịch vụ giữ hành lý và dịch vụ làm sạch phòng hàng ngày. Cuối cùng, bạn cũng có thể tận hưởng không gian ấm cúng với lò sưởi trong phòng.
</p>
<img src='/static/images/hotels/Hanoi Pearl Hotel/HanoiPearlHotel_review2.jpg' style='width:800px; display:block; margin:20px auto;'>
<br>
<p style='font-size:18px; line-height:1.8; font-weight:bold; text-indent: 2em;'>
Hanoi Pearl Hotel nằm trong khu vực có nhiều điểm mua sắm hấp dẫn như Things of Substance, Ipa-Nima, Heydi Fashion House, Magonn Design, IndochinaSilk, Văn hóa Việt Nam, Pheva Chocolate Hà Nội, Nhà sách Infostones, Clouds và Nhà may Cao Minh. Khách sạn này là một điểm dừng chân lý tưởng cho những ai muốn khám phá thế giới của thời trang, nghệ thuật và văn hóa Việt Nam. Từ Hanoi Pearl Hotel, du khách có thể dễ dàng tiếp cận các cửa hàng thời trang độc đáo như Ipa-Nima và Heydi Fashion House, nơi bạn có thể tìm thấy những bộ trang phục độc đáo và phong cách. Nếu bạn yêu thích nghệ thuật và thiết kế, Magonn Design là một điểm đến không thể bỏ qua, với những sản phẩm sáng tạo và độc đáo. Đối với những ai muốn khám phá văn hóa Việt Nam, Văn hóa Việt Nam và Nhà sách Infostones là những địa điểm lý tưởng để tìm hiểu về lịch sử, văn hóa và nghệ thuật của đất nước. Nếu bạn muốn thưởng thức những món ngọt ngào, hãy ghé qua Pheva Chocolate Hà Nội, nơi bạn có thể mua các loại sô cô la thủ công độc đáo. Cuối cùng, Nhà may Cao Minh là một điểm đến tuyệt vời để tìm kiếm các sản phẩm may mặc chất lượng và thiết kế độc đáo.
</p>
<img src='/static/images/hotels/Hanoi Pearl Hotel/HanoiPearlHotel_review3.jpg' style='width:800px; display:block; margin:20px auto;'>
<br>
<p style='font-size:18px; line-height:1.8; font-weight:bold; text-indent: 2em;'>
Khách sạn Hanoi Pearl đã nhận được những đánh giá tích cực từ khách hàng với điểm tổng thể ấn tượng là 8.7 trên 10. Điều này chứng tỏ sự hài lòng và đáng giá của khách hàng đối với chất lượng dịch vụ tại khách sạn này. Bên cạnh đó, khách hàng cũng đánh giá cao về giá trị tiền mà họ nhận được khi lưu trú tại đây, với điểm đánh giá cho mục này là 8.6. Điều này cho thấy khách sạn Hanoi Pearl mang lại sự hài lòng và đáng giá cho khách hàng với mức giá phù hợp. Ngoài ra, khách sạn cũng nhận được những đánh giá tích cực về các tiện nghi tại đây, với điểm đánh giá là 8.1. Khách hàng đã thể hiện sự hài lòng với sự tiện ích và chất lượng của các dịch vụ mà khách sạn cung cấp. Điểm đánh giá cho ẩm thực tại khách sạn là 7.9, cho thấy khách hàng cũng đánh giá cao về chất lượng và đa dạng của các món ăn tại đây. Với những tiêu chí này, khách sạn Hanoi Pearl mang đến trải nghiệm ấn tượng và đáng nhớ cho khách hàng.
</p>"

Apricot Hotel,Hanoi,1200000,5,4.7,https://apricothotels.com/wp-content/uploads/2016/08/Hotel-lobby-s.jpg,FALSE,TRUE,FALSE,FALSE,"
<p style='font-size:18px; line-height:1.8; font-weight:bold; text-indent:2em;'>
Nằm ở bờ hồ Hoàn Kiếm, khách sạn Apricot Hotel được thiết kế sang trọng theo phong cách tân cổ điển này cung cấp chỗ ở hiện đại và cao cấp với truy cập Wi-Fi miễn phí trong toàn bộ khuôn viên. Chỗ nghỉ có tầm nhìn bao quát ra quang cảnh thành phố cũng như hồ nước từ hồ bơi trên tầng mái và trung tâm thể dục nhìn ra toàn cảnh. Chỗ đỗ xe miễn phí nằm ngay trong khuôn viên nơi này.
</p>
<img src='/static/images/hotels/Apricot Hotel/ApricotHotel_review1.jpg' style='width:800px; display:block; margin:20px auto;'>
<br>
<p style='font-size:18px; line-height:1.8; font-weight:bold; text-indent:2em;'>
Được thiết kế mang tính nghệ thuật, các phòng và suite máy lạnh ở đây có tủ quần áo, két an toàn (trong phòng), bàn làm việc, khu vực tiếp khách cũng như truyền hình cáp màn hình phẳng. Ngoài ra còn được trang bị ấm đun nước điện, minibar và tiện nghi ủi. Phòng tắm riêng đi kèm tiện nghi vòi sen, áo choàng tắm và máy sấy tóc.
</p>
<img src='/static/images/hotels/Apricot Hotel/ApricotHotel_review2.jpg' style='width:800px; display:block; margin:20px auto;'>
<br>
<p style='font-size:18px; line-height:1.8; font-weight:bold; text-indent:2em;'>
Đội ngũ nhân viên thân thiện tại lễ tân 24 giờ của Apricot Hotel có thể trợ giúp khách với các dịch vụ giặt là, thu đổi ngoại tệ và thu xếp các cuộc họp/tiệc. Các dịch vụ cho thuê xe hơi, đặt vé và tour du lịch cũng được đáp ứng. Những khách muốn có giây phút yên tĩnh, có thể khám phá thư viện của khách sạn nằm ở tầng 9.
</p>
<img src='/static/images/hotels/Apricot Hotel/ApricotHotel_review3.jpg' style='width:800px; display:block; margin:20px auto;'>
<br>
<p style='font-size:18px; line-height:1.8; font-weight:bold; text-indent:2em;'>
Khách sạn có quầy bar thời thượng trên tầng mái phục vụ tuyển chọn đồ uống ngon và cung cấp 2 lựa chọn ăn uống cho du khách. Du khách có thể thưởng thức một loạt các món ăn ngon của Việt Nam và phương Tây. Các bữa ăn theo chế độ đặc biệt cũng có thể được chuẩn bị khi khách yêu cầu.
</p>"

Golden Lotus Hotel,Hanoi,550000,3,3.5,https://images.unsplash.com/photo-1551882547-ff40c63fe5fa?auto=format&fit=crop&w=800&q=60,FALSE,FALSE,FALSE,FALSE,"
<p style='font-size:18px; line-height:1.8; font-weight:bold; text-indent:2em;'>
Hãy tự hỏi tại sao nhiều khách du lịch đã lựa chọn Golden Lotus Boutique Hotel khi đến Hà Nội. Khách sạn là sự tổng hợp của những giá trị lý tưởng, sự thoải mái và thuận tiện như khung cảnh lãng mạn cùng với loạt tiện nghi được thiết kế cho những khách du lịch như bạn. Gần các địa danh như Nhà Thờ Lớn (0,2 km) và Imperial Citadel of Thang Long (1,1 km) đã làm Golden Lotus Boutique Hotel trở thành lựa chọn lý tưởng cho những ai muốn đến thăm những địa danh yêu thích này ở Hà Nội.
</p>
<img src='/static/images/hotels/Golden Lotus Hotel/GoldenLotusHotel_review1.jpg' style='width:800px; display:block; margin:20px auto;'>
<br>
<p style='font-size:18px; line-height:1.8; font-weight:bold; text-indent:2em;'>
Các phòng khách sạn cung cấp các tiện nghi như TV màn hình phẳng, điều hòa nhiệt độ và quầy bar mini, và khách có thể kết nối internet với Wi-Fi miễn phí được cung cấp bởi khách sạn. Golden Lotus Boutique Hotel cung cấp nhân viên hỗ trợ khách và dịch vụ phòng, giúp cho kỳ nghỉ của bạn trở nên dễ chịu hơn nữa. Khách sạn còn cung cấp bữa sáng. Khi ở đây, hãy chắc chắn thử một số nhà hàng kiểu Á, bao gồm Bun Cha Huong Lien, Bánh Mì 25 và Cau Go Vietnamese Cuisine Restaurant, đều nằm gần Golden Lotus Boutique Hotel.
</p>
<img src='/static/images/hotels/Golden Lotus Hotel/GoldenLotusHotel_review2.jpg' style='width:800px; display:block; margin:20px auto;'>
<br>
<p style='font-size:18px; line-height:1.8; font-weight:bold; text-indent:2em;'>
Hơn nữa, trong suốt kỳ nghỉ của bạn đừng quên ghé thăm một số viện bảo tàng nghệ thuật nổi tiếng, như Fine Arts Museum (Bao Tang My Thuat), Bảo Tàng Hồ Chí Minh và Phòng tranh 3D. Tại Golden Lotus Boutique Hotel, sự thoải mái và hài lòng của bạn được đặt lên hàng đầu, và họ mong muốn được chào đón bạn tới Hà Nội.
</p>
<img src='/static/images/hotels/Golden Lotus Hotel/GoldenLotusHotel_review3.jpg' style='width:800px; display:block; margin:20px auto;'>
<br>"

Little Charm Hostel,Hanoi,250000,2,4,https://images.unsplash.com/photo-1505691723518-36a5ac3be353?auto=format&fit=crop&w=800&q=60,FALSE,FALSE,FALSE,FALSE,"
<p style='font-size:18px; line-height:1.8; font-weight:bold; text-indent:2em;'>
Little Charm Hanoi Hostel là đề xuất hàng đầu dành cho những tín đồ du lịch bụi mong muốn được nghỉ tại một nơi nghỉ vừa thoải mái lại hợp túi tiền. Khi lưu trú tại nơi nghỉ thì nội thất và kiến trúc hẳn là hai yếu tố quan trọng khiến quý khách mãn nhãn. Với thiết kế độc đáo, Little Charm Hanoi Hostel mang đến không gian lưu trú làm hài lòng quý khách.
</p>
<img src='/static/images/hotels/Little Charm Hostel/LittleCharmHostel_review1.jpeg' style='width:800px; display:block; margin:20px auto;'>
<br>
<p style='font-size:18px; line-height:1.8; font-weight:bold; text-indent:2em;'>
Dành cho những du khách muốn du lịch thoải mái cùng ngân sách tiết kiệm, Little Charm Hanoi Hostel sẽ là lựa chọn lưu trú hoàn hảo, nơi cung cấp các tiện nghi chất lượng và dịch vụ tuyệt vời. Nếu dự định có một kỳ nghỉ dài, thì Little Charm Hanoi Hostel chính là lựa chọn dành cho quý khách. Với đầy đủ tiện nghi với chất lượng dịch vụ tuyệt vời, Little Charm Hanoi Hostel sẽ khiến quý khách cảm thấy thoải mái như đang ở nhà vậy.
</p>
<img src='/static/images/hotels/Little Charm Hostel/LittleCharmHostel_review2.jpeg' style='width:800px; display:block; margin:20px auto;'>
<br>
<p style='font-size:18px; line-height:1.8; font-weight:bold; text-indent:2em;'>
Du lịch một mình cũng không hề kém phần thú vị và Little Charm Hanoi Hostel là nơi thích hợp dành riêng cho những ai đề cao sự riêng tư trong kỳ lưu trú. Dịch vụ tuyệt vời, cơ sở vật chất hoàn chỉnh và các tiện nghi nơi nghỉ cung cấp sẽ khiến quý khách không thể phàn nàn trong suốt kỳ lưu trú tại Little Charm Hanoi Hostel. Hưởng thụ một ngày thư thái đầy thú vị tại hồ bơi dù quý khách đang du lịch một mình hay cùng người thân.
</p>
<img src='/static/images/hotels/Little Charm Hostel/LittleCharmHostel_review3.jpeg' style='width:800px; display:block; margin:20px auto;'>
<br>
<p style='font-size:18px; line-height:1.8; font-weight:bold; text-indent:2em;'>
Quầy tiếp tân 24 giờ luôn sẵn sàng phục vụ quý khách từ thủ tục nhận phòng đến trả phòng hay bất kỳ yêu cầu nào. Nếu cần giúp đỡ xin hãy liên hệ đội ngũ tiếp tân, chúng tôi luôn sẵn sàng hỗ trợ quý khách. Sóng WiFi phủ khắp các khu vực chung của nơi nghỉ cho phép quý khách luôn kết nối với gia đình và bè bạn. Little Charm Hanoi Hostel là nơi nghỉ sở hữu đầy đủ tiện nghi và dịch vụ xuất sắc theo nhận định của hầu hết khách lưu trú. Với những tiện nghi sẵn có, Little Charm Hanoi Hostel thực sự là một nơi lưu trú hoàn hảo.
</p>"

Hanoi Central Star,Hanoi,350000,1,2.8,https://images.unsplash.com/photo-1600585154340-be6161a56a0c?auto=format&fit=crop&w=800&q=60,FALSE,FALSE,FALSE,FALSE,"
<p style='font-size:18px; line-height:1.8; font-weight:bold; text-indent:2em;'>
Hanoi Central Star Hotel là một khách sạn hiện đại và sang trọng tọa lạc ngay trung tâm Hà Nội, chỉ cách Hồ Hoàn Kiếm và khu Phố Cổ vài phút đi bộ. Với vị trí thuận lợi, khách sạn là lựa chọn lý tưởng cho du khách muốn khám phá các điểm tham quan, quán cà phê truyền thống và ẩm thực địa phương.
</p>
<img src='/static/images/hotels/Hanoi Central Star Hotel/HanoiCentralStar_review1.jpg' style='width:800px; display:block; margin:20px auto;'>
<br>
<p style='font-size:18px; line-height:1.8; font-weight:bold; text-indent:2em;'>
Khách sạn được thiết kế tinh tế, ấm cúng và trang bị đầy đủ tiện nghi như điều hòa, TV màn hình phẳng, minibar cùng Wi-Fi tốc độ cao. Các phòng nghỉ được chăm chút tỉ mỉ nhằm mang đến không gian nghỉ ngơi thoải mái, phù hợp cho cả khách công tác và du lịch cùng gia đình.
</p>
<img src='/static/images/hotels/Hanoi Central Star Hotel/HanoiCentralStar_review2.jpg' style='width:800px; display:block; margin:20px auto;'>
<br>
<p style='font-size:18px; line-height:1.8; font-weight:bold; text-indent:2em;'>
Bên cạnh đó, Hanoi Central Star Hotel cung cấp nhiều tiện ích như nhà hàng phục vụ ẩm thực đa dạng, lễ tân 24/7, dịch vụ đặt tour và đưa đón sân bay. Nhân viên thân thiện, chuyên nghiệp luôn sẵn sàng hỗ trợ để chuyến đi của bạn trở nên thuận tiện và đáng nhớ.
</p>
<img src='/static/images/hotels/Hanoi Central Star Hotel/HanoiCentralStar_review3.jpg' style='width:800px; display:block; margin:20px auto;'>
<br>
<p style='font-size:18px; line-height:1.8; font-weight:bold; text-indent:2em;'>
Dù bạn lưu trú ngắn ngày hay dài ngày, Hanoi Central Star Hotel đem đến trải nghiệm nghỉ dưỡng tiện nghi, an toàn và ấm cúng giữa lòng thủ đô. Hãy chọn nơi đây làm điểm dừng chân để khám phá vẻ đẹp và nhịp sống đặc sắc của Hà Nội.
</p>"

Fusion Suites Danang,Da Nang,1100000,4,4.6,https://danangopentour.vn/uploads/images/images/khach-san-fusion-suites-da-nang.jpg,FALSE,FALSE,TRUE,TRUE,"
<p style='font-size:18px; line-height:1.8; font-weight:bold; text-indent:2em;'>
Fusion Suites Danang là một khách sạn nghỉ dưỡng phong cách hiện đại, nằm ngay bên bờ biển Mỹ Khê xinh đẹp. Với vị trí lý tưởng chỉ vài bước là đến biển, du khách có thể thoải mái tận hưởng làn gió biển mát mẻ và cảnh hoàng hôn lãng mạn trên bãi biển nổi tiếng nhất Đà Nẵng.
</p>
<img src='/static/images/hotels/Fusion Suites Danang Hotel/FusionSuitesDanangHotel_review1.jpg' style='width:800px; display:block; margin:20px auto;'>
<br>
<p style='font-size:18px; line-height:1.8; font-weight:bold; text-indent:2em;'>
Khách sạn nổi bật với thiết kế trẻ trung, tối giản nhưng tinh tế, mang đậm hơi thở wellness. Các phòng và căn hộ tại đây đều được bố trí cửa kính lớn hướng biển, nội thất gỗ tự nhiên hài hòa với ánh sáng và không gian xanh. Mỗi căn phòng như một chốn nghỉ ngơi thư giãn, giúp du khách tìm lại sự cân bằng và tái tạo năng lượng.
</p>
<img src='/static/images/hotels/Fusion Suites Danang Hotel/FusionSuitesDanangHotel_review2.jpg' style='width:800px; display:block; margin:20px auto;'>
<br>
<p style='font-size:18px; line-height:1.8; font-weight:bold; text-indent:2em;'>
Fusion Suites Danang mang đến trải nghiệm khác biệt nhờ dịch vụ chăm sóc sức khỏe và spa độc đáo, đặc trưng của thương hiệu Fusion. Bên cạnh đó, khách sạn còn có nhà hàng phục vụ ẩm thực phong phú, quầy bar hướng biển, phòng gym và nhiều hoạt động giải trí để chuyến nghỉ dưỡng thêm trọn vẹn.
</p>
<img src='/static/images/hotels/Fusion Suites Danang Hotel/FusionSuitesDanangHotel_review3.jpg' style='width:800px; display:block; margin:20px auto;'>
<br>
<p style='font-size:18px; line-height:1.8; font-weight:bold; text-indent:2em;'>
Với phong cách phục vụ chuyên nghiệp và không khí thoải mái, Fusion Suites Danang là lựa chọn hoàn hảo cho những ai muốn tận hưởng kỳ nghỉ thư thái, đẳng cấp và gần gũi với thiên nhiên ngay giữa thành phố biển Đà Nẵng.
</p>"

InterContinental Danang,Da Nang,2300000,5,4.9,https://images.unsplash.com/photo-1590490360182-c33d57733427?auto=format&fit=crop&w=800&q=60,TRUE,TRUE,TRUE,TRUE,"
<p style='font-size:18px; line-height:1.8; font-weight:bold; text-indent:2em;'>
Tự hào có nhiều lựa chọn ăn uống cao cấp như La Maison 1888 danh tiếng, InterContinental Danang Sun Peninsula Resort đem đến cho du khách nơi lánh mình sang trọng với bãi biển riêng, 2 hồ bơi lớn ngoài trời và spa. Du khách có thể ngắm nhìn quang cảnh biển tuyệt đẹp từ resort.
</p>
<img src='/static/images/hotels/Inter Continental Danang Hotel/InterContinentalDanangHotel_review1.jpg' style='width:800px; display:block; margin:20px auto;'>
<br>
<p style='font-size:18px; line-height:1.8; font-weight:bold; text-indent:2em;'>
Tất cả chỗ nghỉ đều được trang trí sang trọng và có ban công riêng. Các biệt thự bên bờ biển của resort nằm ẩn mình giữa những tảng đá hùng vĩ tại chân núi và có hồ bơi riêng, hiên tắm nắng cùng các tiện nghi phòng tắm sang trọng. Một số phòng còn đi kèm bồn tắm spa và khu ăn uống riêng hướng trọn quang cảnh biển.
</p>
<img src='/static/images/hotels/Inter Continental Danang Hotel/InterContinentalDanangHotel_review2.jpg' style='width:800px; display:block; margin:20px auto;'>
<br>
<p style='font-size:18px; line-height:1.8; font-weight:bold; text-indent:2em;'>
Từ resort, du khách mất khoảng 45 phút để đến Sân bay Đà Nẵng và 30 phút để ghé thăm danh thắng Ngũ Hành Sơn. Bảo tàng Chăm cách nơi đây khoảng 25 km, trong khi Hoàng Thành Huế, Phố Cổ Hội An và khu di tích Mỹ Sơn nổi tiếng được UNESCO công nhận là Di sản Thế giới nằm cách khoảng 45 km.
</p>
<img src='/static/images/hotels/Inter Continental Danang Hotel/InterContinentalDanangHotel_review3.jpg' style='width:800px; display:block; margin:20px auto;'>
<br>
<p style='font-size:18px; line-height:1.8; font-weight:bold; text-indent:2em;'>
Du khách có thể khám phá CLB golf Bà Nà Hills nổi tiếng hoặc thử sức tại CLB golf Đà Nẵng. Resort còn cung cấp nhiều hoạt động giải trí như đi xe đạp, yoga, đi bộ đường dài và các liệu pháp thư giãn tại spa. Du khách cũng có thể thưởng thức ẩm thực đa dạng tại Nhà hàng Citron, Barefoot hay tận hưởng rượu champagne và xì-gà thượng hạng tại Buffalo Bar.
</p>"

Danang Riverside Hotel,Da Nang,750000,3,3.8,https://images.unsplash.com/photo-1611892440504-42a792e24d32?auto=format&fit=crop&w=800&q=60,TRUE,TRUE,FALSE,TRUE,"
<p style='font-size:18px; line-height:1.8; font-weight:bold; text-indent:2em;'>
Danang Riverside Hotel tọa lạc ngay bên bờ sông Hàn thơ mộng, sở hữu vị trí tuyệt đẹp giữa trung tâm thành phố Đà Nẵng. Du khách chỉ cần vài phút là có thể đến Cầu Rồng, Cầu Tình Yêu cũng như các khu mua sắm và giải trí sầm uất. Đây là điểm dừng chân lý tưởng cho cả khách du lịch và công tác muốn tận hưởng vẻ đẹp năng động của thành phố biển.
</p>
<img src='/static/images/hotels/Danang Riverside Hotel/DanangRiversideHotel_review1.jpg' style='width:800px; display:block; margin:20px auto;'>
<br>
<p style='font-size:18px; line-height:1.8; font-weight:bold; text-indent:2em;'>
Khách sạn được thiết kế theo phong cách hiện đại và ấm cúng, mang đến cảm giác thoải mái như ở nhà. Các phòng nghỉ đều được trang bị đầy đủ tiện nghi như điều hòa, TV màn hình phẳng, minibar và Wi-Fi tốc độ cao. Nhiều phòng sở hữu tầm nhìn bao trọn dòng sông Hàn lấp lánh ánh đèn về đêm.
</p>
<img src='/static/images/hotels/Danang Riverside Hotel/DanangRiversideHotel_review2.jpg' style='width:800px; display:block; margin:20px auto;'>
<br>
<p style='font-size:18px; line-height:1.8; font-weight:bold; text-indent:2em;'>
Tại Danang Riverside Hotel, du khách có thể tận hưởng ẩm thực phong phú tại nhà hàng trong khuôn viên với thực đơn đa dạng từ món Việt thơm ngon đến món Âu hấp dẫn. Ngoài ra, khách sạn còn có trung tâm thể dục, dịch vụ hội nghị và lễ tân 24/7 để đáp ứng mọi nhu cầu của khách lưu trú.
</p>
<img src='/static/images/hotels/Danang Riverside Hotel/DanangRiversideHotel_review3.jpg' style='width:800px; display:block; margin:20px auto;'>
<br>
<p style='font-size:18px; line-height:1.8; font-weight:bold; text-indent:2em;'>
Với phong cách phục vụ chuyên nghiệp, không gian thoáng đãng cùng lợi thế nằm ngay trung tâm, Danang Riverside Hotel là lựa chọn tuyệt vời cho hành trình khám phá Đà Nẵng của bạn thêm phần trọn vẹn và đáng nhớ.
</p>"

Dana Pearl Inn,Da Nang,400000,2,3.2,https://images.unsplash.com/photo-1522708323590-d24dbb6b0267?auto=format&fit=crop&w=800&q=60,FALSE,FALSE,FALSE,TRUE,"
<p style='font-size:18px; line-height:1.8; font-weight:bold; text-indent:2em;'>
Dana Pearl Danang Hotel sở hữu vị trí thuận tiện ngay trung tâm Đà Nẵng, chỉ vài phút di chuyển đến Cầu Rồng, sông Hàn và bãi biển Mỹ Khê nổi tiếng. Đây là điểm dừng chân lý tưởng cho du khách muốn kết hợp khám phá thành phố và tận hưởng kỳ nghỉ thoải mái bên bờ biển.
</p>
<img src='/static/images/hotels/Dana Pearl Inn Hotel/DanaPearlInnHotel_review1.jpg' style='width:800px; display:block; margin:20px auto;'>
<br>
<p style='font-size:18px; line-height:1.8; font-weight:bold; text-indent:2em;'>
Khách sạn được thiết kế theo phong cách hiện đại, trẻ trung với không gian ấm cúng và tiện nghi. Các phòng nghỉ được trang bị điều hòa, TV màn hình phẳng, minibar và Wi-Fi tốc độ cao, mang đến sự thoải mái cho khách lưu trú dù là du lịch hay công tác.
</p>
<img src='/static/images/hotels/Dana Pearl Inn Hotel/DanaPearlInnHotel_review2.jpg' style='width:800px; display:block; margin:20px auto;'>
<br>
<p style='font-size:18px; line-height:1.8; font-weight:bold; text-indent:2em;'>
Bên cạnh đó, Dana Pearl Danang Hotel cung cấp nhiều tiện ích như nhà hàng phục vụ ẩm thực địa phương và quốc tế, dịch vụ lễ tân 24/7, hỗ trợ đặt tour và đưa đón sân bay. Nhân viên thân thiện, chuyên nghiệp luôn sẵn sàng hỗ trợ để chuyến đi của bạn trở nên dễ dàng và trọn vẹn hơn.
</p>
<img src='/static/images/hotels/Dana Pearl Inn Hotel/DanaPearlInnHotel_review3.jpg' style='width:800px; display:block; margin:20px auto;'>
<br>
<p style='font-size:18px; line-height:1.8; font-weight:bold; text-indent:2em;'>
Nhờ lợi thế vị trí và chất lượng dịch vụ chu đáo, Dana Pearl Danang Hotel là lựa chọn hấp dẫn cho những ai muốn trải nghiệm nhịp sống sôi động của Đà Nẵng trong một không gian nghỉ ngơi tiện nghi và thoải mái.
</p>"

Thanh Binh Motel,Da Nang,250000,1,2.5,https://images.unsplash.com/photo-1600585154340-be6161a56a0c?auto=format&fit=crop&w=800&q=60,FALSE,FALSE,FALSE,FALSE,"
<p style='font-size:18px; line-height:1.8; font-weight:bold; text-indent:2em;'>
Thanh Bình Motel là một lựa chọn lưu trú tiết kiệm và tiện nghi, tọa lạc gần khu vực trung tâm thành phố Đà Nẵng. Với vị trí thuận lợi, du khách dễ dàng di chuyển đến các điểm tham quan nổi tiếng như bãi biển Mỹ Khê, cầu Rồng và sông Hàn chỉ trong vài phút.
</p>
<img src='/static/images/hotels/Thanh Binh Motel/ThanhBinhMotel_review1.jpg' style='width:800px; display:block; margin:20px auto;'>
<br>
<p style='font-size:18px; line-height:1.8; font-weight:bold; text-indent:2em;'>
Các phòng nghỉ tại Thanh Bình Motel được thiết kế đơn giản nhưng sạch sẽ và đầy đủ tiện nghi cơ bản như điều hòa, TV, Wi-Fi miễn phí và phòng tắm riêng. Không gian yên tĩnh giúp du khách có được giấc ngủ thoải mái sau một ngày tham quan và vui chơi tại Đà Nẵng.
</p>
<img src='/static/images/hotels/Thanh Binh Motel/ThanhBinhMotel_review2.jpg' style='width:800px; display:block; margin:20px auto;'>
<br>
<p style='font-size:18px; line-height:1.8; font-weight:bold; text-indent:2em;'>
Motel cung cấp các dịch vụ hỗ trợ như lễ tân 24/7, cho thuê xe máy và tư vấn địa điểm du lịch, giúp du khách linh hoạt hơn trong hành trình khám phá thành phố. Nhân viên nhiệt tình và thân thiện luôn sẵn sàng hỗ trợ khi cần thiết.
</p>
<img src='/static/images/hotels/Thanh Binh Motel/ThanhBinhMotel_review3.jpg' style='width:800px; display:block; margin:20px auto;'>
<br>
<p style='font-size:18px; line-height:1.8; font-weight:bold; text-indent:2em;'>
Với mức giá hợp lý, dịch vụ chu đáo và vị trí thuận tiện, Thanh Bình Motel là điểm dừng chân phù hợp cho những ai muốn tiết kiệm chi phí nhưng vẫn đảm bảo sự thoải mái và thuận lợi khi du lịch Đà Nẵng.
</p>"

Sunrise Nha Trang,Nha Trang,1000000,4,4.4,https://images.unsplash.com/photo-1584132967334-10e028bd69f7?auto=format&fit=crop&w=800&q=60,TRUE,TRUE,TRUE,TRUE,"
<p style='font-size:18px; line-height:1.8; font-weight:bold; text-indent:2em;'>
Sunrise Nha Trang Beach Hotel & Spa tọa lạc ngay trên đường Trần Phú – tuyến đường ven biển đẹp nhất thành phố Nha Trang. Với vị trí đắc địa chỉ vài bước chân là đến biển, khách sạn mang đến cho du khách tầm nhìn hướng biển tuyệt đẹp và sự thuận tiện tối đa trong việc khám phá thành phố biển.
</p>
<img src='/static/images/hotels/Sunrise Nha Trang/SunriseNhaTrang_review1.jpg' style='width:800px; display:block; margin:20px auto;'>
<br>
<p style='font-size:18px; line-height:1.8; font-weight:bold; text-indent:2em;'>
Khách sạn được thiết kế theo phong cách kiến trúc tân cổ điển sang trọng và đầy tinh tế. Các phòng nghỉ rộng rãi, trang bị đầy đủ tiện nghi hiện đại cùng ban công riêng để du khách có thể thưởng thức ánh bình minh hoặc khung cảnh biển về đêm lộng lẫy.
</p>
<img src='/static/images/hotels/Sunrise Nha Trang/SunriseNhaTrang_review2.jpg' style='width:800px; display:block; margin:20px auto;'>
<br>
<p style='font-size:18px; line-height:1.8; font-weight:bold; text-indent:2em;'>
Sunrise Nha Trang cung cấp nhiều tiện ích cao cấp như hồ bơi ngoài trời lớn, spa chăm sóc sức khỏe, phòng gym và câu lạc bộ giải trí. Nhà hàng trong khuôn viên phục vụ đa dạng ẩm thực Việt Nam và quốc tế, mang đến trải nghiệm ẩm thực đẳng cấp ngay tại khách sạn.
</p>
<img src='/static/images/hotels/Sunrise Nha Trang/SunriseNhaTrang_review3.jpg' style='width:800px; display:block; margin:20px auto;'>
<br>
<p style='font-size:18px; line-height:1.8; font-weight:bold; text-indent:2em;'>
Với phong cách phục vụ chuyên nghiệp, không gian sang trọng và vị trí trung tâm thuận lợi, Sunrise Nha Trang là lựa chọn hoàn hảo cho những kỳ nghỉ thư giãn, lãng mạn và đáng nhớ tại thành phố biển xinh đẹp này.
</p>"

Vinpearl Resort Nha Trang,Nha Trang,1800000,5,4.8,https://images.unsplash.com/photo-1600585154340-be6161a56a0c?auto=format&fit=crop&w=800&q=60,TRUE,TRUE,TRUE,TRUE,"
<p style='font-size:18px; line-height:1.8; font-weight:bold; text-indent:2em;'>
Vinpearl Resort Nha Trang tọa lạc trên đảo Hòn Tre tuyệt đẹp, sở hữu bãi biển riêng và không gian nghỉ dưỡng đẳng cấp giữa thiên nhiên trong lành. Với vị trí tách biệt khỏi sự náo nhiệt của thành phố, nơi đây mang đến cho du khách kỳ nghỉ yên bình, thư giãn cùng cảnh biển xanh ngắt và bãi cát trắng mịn.
</p>
</p>
<img src='/static/images/hotels/Vinpearl Resort Nha Trang/VinpearlResortNhaTrang_review1.jpg' style='width:800px; display:block; margin:20px auto;'>
<br>
<p style='font-size:18px; line-height:1.8; font-weight:bold; text-indent:2em;'>
Resort nổi bật với kiến trúc sang trọng mang phong cách nhiệt đới kết hợp Á – Âu tinh tế. Các phòng nghỉ rộng rãi, nội thất hiện đại cùng ban công hướng biển hoặc khuôn viên xanh mát, giúp du khách tận hưởng trọn vẹn vẻ đẹp của đảo và biển Nha Trang từ mọi góc nhìn.
</p>
<img src='/static/images/hotels/Vinpearl Resort Nha Trang/VinpearlResortNhaTrang_review2.jpg' style='width:800px; display:block; margin:20px auto;'>
<br>
<p style='font-size:18px; line-height:1.8; font-weight:bold; text-indent:2em;'>
Tại Vinpearl Resort Nha Trang, du khách có thể hòa mình vào hồ bơi ngoài trời rộng lớn, trải nghiệm spa thư giãn, tham gia các hoạt động thể thao biển hay thưởng thức ẩm thực cao cấp tại hệ thống nhà hàng đa dạng. Ngoài ra, resort còn nằm liền kề VinWonders – thiên đường vui chơi giải trí nổi tiếng dành cho mọi lứa tuổi.
</p>
<img src='/static/images/hotels/Vinpearl Resort Nha Trang/VinpearlResortNhaTrang_review3.jpg' style='width:800px; display:block; margin:20px auto;'>
<br>
<p style='font-size:18px; line-height:1.8; font-weight:bold; text-indent:2em;'>
Với dịch vụ tiêu chuẩn quốc tế, đội ngũ nhân viên chuyên nghiệp và hệ sinh thái du lịch – giải trí trọn vẹn, Vinpearl Resort Nha Trang là lựa chọn lý tưởng cho các kỳ nghỉ gia đình, tuần trăng mật hay các chuyến du lịch nghỉ dưỡng sang trọng tại thành phố biển xinh đẹp này.
</p>"

Liberty Central Nha Trang,Nha Trang,800000,3,4.1,https://images.unsplash.com/photo-1566073771259-6a8506099945?auto=format&fit=crop&w=800&q=60,TRUE,TRUE,FALSE,FALSE,"
<p style='font-size:18px; line-height:1.8; font-weight:bold; text-indent:2em;'>
Tọa lạc tại một vị trí thuận tiện, Liberty Central Nha Trang Hotel cung cấp chỗ ở trang nhã, sang trọng với truy cập Wi-Fi miễn phí trong toàn bộ khuôn viên. Khách sạn sở hữu hồ bơi ngoài trời, phòng xông hơi khô, trung tâm thể dục và tiện nghi hội họp, mang đến trải nghiệm nghỉ dưỡng tiện nghi cho du khách.
</p>
<img src='/static/images/hotels/Liberty Central Nha Trang/LibertyCentralNhaTrang_review1.jpg' style='width:800px; display:block; margin:20px auto;'>
<br>
<p style='font-size:18px; line-height:1.8; font-weight:bold; text-indent:2em;'>
Khách sạn chỉ cách Bãi biển Nha Trang 200 m và Trung tâm Thuyền buồm Việt Nam 300 m, giúp du khách dễ dàng tận hưởng biển xanh cát trắng cũng như các hoạt động giải trí nổi bật tại thành phố biển. Sân bay Quốc tế Cam Ranh cách khách sạn khoảng 27 km, thuận tiện cho việc di chuyển.
</p>
<img src='/static/images/hotels/Liberty Central Nha Trang/LibertyCentralNhaTrang_review2.jpg' style='width:800px; display:block; margin:20px auto;'>
<br>
<p style='font-size:18px; line-height:1.8; font-weight:bold; text-indent:2em;'>
Các phòng nghỉ tại Liberty Central Nha Trang Hotel được thiết kế hiện đại và trang nhã với đầy đủ tiện nghi như điều hòa, TV truyền hình cáp màn hình phẳng, minibar và ấm đun nước điện. Phòng tắm riêng đi kèm áo choàng tắm, dép và tiện nghi vòi sen, mang đến sự thoải mái tối đa cho khách lưu trú.
</p>
<img src='/static/images/hotels/Liberty Central Nha Trang/LibertyCentralNhaTrang_review3.jpg' style='width:800px; display:block; margin:20px auto;'>
<br>
<p style='font-size:18px; line-height:1.8; font-weight:bold; text-indent:2em;'>
Du khách có thể thư giãn với dịch vụ mát-xa tại spa, giải trí với karaoke hoặc thưởng thức ẩm thực hấp dẫn tại nhà hàng trong khuôn viên. Nhân viên lễ tân 24/7 luôn sẵn sàng hỗ trợ các dịch vụ giặt là, đưa đón sân bay và nhiều nhu cầu khác để chuyến nghỉ tại Nha Trang thêm trọn vẹn.
</p>"

Blue Sea Hostel,Nha Trang,400000,2,3,https://images.unsplash.com/photo-1584132967334-10e028bd69f7?auto=format&fit=crop&w=800&q=60,FALSE,FALSE,TRUE,TRUE,"
<p style='font-size:18px; line-height:1.8; font-weight:bold; text-indent:2em;'>
Blue Sea Hotel Nha Trang tọa lạc gần bãi biển tuyệt đẹp của thành phố, mang đến không gian lưu trú thoải mái và thuận tiện cho những ai muốn tận hưởng kỳ nghỉ bên biển. Với vị trí lý tưởng, du khách có thể dễ dàng di chuyển đến các điểm tham quan nổi tiếng trong khu vực.
</p>
<img src='/static/images/hotels/Blue Sea Hostel/BlueSeaHostel_review1.jpg' style='width:800px; display:block; margin:20px auto;'>
<br>
<p style='font-size:18px; line-height:1.8; font-weight:bold; text-indent:2em;'>
Khách sạn cung cấp hệ thống phòng nghỉ trang nhã, đầy đủ tiện nghi như điều hòa không khí, TV màn hình phẳng, minibar và Wi-Fi miễn phí trong toàn bộ khuôn viên. Một số phòng có cửa sổ hoặc ban công thoáng mát nhìn ra thành phố, mang đến trải nghiệm thư giãn dễ chịu cho du khách.
</p>
<img src='/static/images/hotels/Blue Sea Hostel/BlueSeaHostel_review2.jpg' style='width:800px; display:block; margin:20px auto;'>
<br>
<p style='font-size:18px; line-height:1.8; font-weight:bold; text-indent:2em;'>
Đội ngũ nhân viên thân thiện, chuyên nghiệp luôn sẵn sàng hỗ trợ khách lưu trú 24/7 với các dịch vụ như giặt ủi, tư vấn tour và đặt phương tiện di chuyển. Không chỉ là nơi nghỉ chân, khách sạn còn là điểm khởi đầu lý tưởng để khám phá vẻ đẹp biển cả và văn hóa địa phương.
</p>
<img src='/static/images/hotels/Blue Sea Hostel/BlueSeaHostel_review3.jpg' style='width:800px; display:block; margin:20px auto;'>
<br>
<p style='font-size:18px; line-height:1.8; font-weight:bold; text-indent:2em;'>
Blue Sea Hotel Nha Trang là lựa chọn phù hợp cho cả du lịch và công tác, mang đến sự thoải mái và tiện nghi với chi phí hợp lý. Đây chắc chắn sẽ là điểm đến lý tưởng cho hành trình khám phá thành phố biển xinh đẹp của bạn.
</p>"

Happy Budget Inn,Nha Trang,220000,1,2.3,https://pix8.agoda.net/hotelImages/281378/-1/4a990da89eaae1f2a7ba6bb0e0af827f.jpg?ca=0&ce=1&s=1024x,FALSE,FALSE,FALSE,FALSE,"
<p style='font-size:18px; line-height:1.8; font-weight:bold; text-indent:2em;'>
Happy Hotel Nha Trang sở hữu khu vườn, phòng chờ chung, nhà hàng và quầy bar, mang đến không gian nghỉ dưỡng tiện nghi cho du khách. Khách sạn 3 sao này còn cung cấp Wi-Fi miễn phí, bếp chung, dịch vụ phòng, quầy lễ tân 24 giờ, dịch vụ tiền sảnh và dịch vụ thu đổi ngoại tệ.
</p>
<img src='/static/images/hotels/Happy Budget Inn/HappyBudgetInn_review1.jpg' style='width:800px; display:block; margin:20px auto;'>
<br>
<p style='font-size:18px; line-height:1.8; font-weight:bold; text-indent:2em;'>
Các phòng nghỉ tại Happy Hotel Nha Trang đều được trang bị điều hòa, bàn làm việc, ấm đun nước, lò vi sóng, két an toàn, TV màn hình phẳng, sân hiên và phòng tắm riêng với vòi xịt/chậu rửa vệ sinh. Nội thất gồm ga trải giường và khăn tắm, mang lại sự thoải mái và tiện nghi cho khách lưu trú.
</p>
<img src='/static/images/hotels/Happy Budget Inn/HappyBudgetInn_review2.jpg' style='width:800px; display:block; margin:20px auto;'>
<br>
<p style='font-size:18px; line-height:1.8; font-weight:bold; text-indent:2em;'>
Khách sạn phục vụ bữa sáng kiểu Á, đồng thời cung cấp các dịch vụ thuê xe đạp và thuê ô tô. Du khách có thể tham gia các hoạt động ngoài trời như leo núi và đi xe đạp để khám phá khu vực xung quanh một cách thú vị.
</p>
<img src='/static/images/hotels/Happy Budget Inn/HappyBudgetInn_review3.jpg' style='width:800px; display:block; margin:20px auto;'>
<br>
<p style='font-size:18px; line-height:1.8; font-weight:bold; text-indent:2em;'>
Happy Hotel Nha Trang nằm gần các điểm tham quan nổi tiếng như Bãi biển Nha Trang, Tháp Trầm Hương và Trung tâm thương mại Nha Trang Center. Sân bay quốc tế Cam Ranh cách khách sạn khoảng 35 km, thuận tiện cho việc di chuyển của du khách.
</p>"

Saigon Prince Hotel,Ho Chi Minh,850000,4,4.3,https://images.unsplash.com/photo-1566073771259-6a8506099945?auto=format&fit=crop&w=800&q=60,TRUE,TRUE,FALSE,FALSE,"
<p style='font-size:18px; line-height:1.8; font-weight:bold; text-indent:2em;'>
Saigon Prince Hotel là khách sạn boutique cao cấp tọa lạc trên Đại lộ Nguyễn Huệ, ngay trung tâm quận 1, Sài Gòn. Khách sạn cung cấp chỗ nghỉ sang trọng với Wi-Fi miễn phí trong toàn bộ khuôn viên. Du khách chỉ mất vài phút đi bộ để đến Chợ Bến Thành, Nhà hát Thành phố Sài Gòn và bờ sông Sài Gòn thơ mộng.
</p>
<img src='/static/images/hotels/Saigon Prince Hotel/SaigonPrinceHotel_review1.jpg' style='width:800px; display:block; margin:20px auto;'>
<br>
<p style='font-size:18px; line-height:1.8; font-weight:bold; text-indent:2em;'>
Các phòng nghỉ tại Saigon Prince Hotel được thiết kế tinh tế, trang nhã với tầm nhìn ra sông hoặc cảnh thành phố. Các tiện nghi nổi bật gồm dép, máy sấy tóc, nước uống trực tiếp từ vòi, cùng các dịch vụ miễn phí như báo hàng ngày và trả phòng trễ. Nội thất hiện đại và không gian rộng rãi mang đến sự thoải mái tối đa cho khách lưu trú.
</p>
<img src='/static/images/hotels/Saigon Prince Hotel/SaigonPrinceHotel_review2.jpg' style='width:800px; display:block; margin:20px auto;'>
<br>
<p style='font-size:18px; line-height:1.8; font-weight:bold; text-indent:2em;'>
Khách sạn cung cấp nhiều tiện ích giải trí và thư giãn, bao gồm phòng tập thể dục, hồ bơi ngoài trời, spa và các phòng họp hiện đại phục vụ nhu cầu tổ chức sự kiện hoặc hội thảo. Đây là nơi lý tưởng cho cả khách công tác và du lịch muốn kết hợp nghỉ dưỡng và khám phá thành phố.
</p>
<img src='/static/images/hotels/Saigon Prince Hotel/SaigonPrinceHotel_review3.jpg' style='width:800px; display:block; margin:20px auto;'>
<br>
<p style='font-size:18px; line-height:1.8; font-weight:bold; text-indent:2em;'>
Nhà hàng Grill Restaurant trong khách sạn phục vụ ẩm thực Việt Nam chính thống, đồng thời mang đến các món ăn nổi tiếng của Singapore, Malaysia, Indonesia và phương Tây cùng bộ sưu tập rượu vang tinh tế. Saigon Prince Hotel nằm gần Bảo tàng Thành phố Hồ Chí Minh và chỉ cách Sân bay Quốc tế Tân Sơn Nhất khoảng 7 km, thuận tiện cho việc di chuyển.
</p>"

The Reverie Saigon,Ho Chi Minh,2500000,5,4.9,https://images.unsplash.com/photo-1600585154340-be6161a56a0c?auto=format&fit=crop&w=800&q=60,TRUE,TRUE,FALSE,TRUE,"
<p style='font-size:18px; line-height:1.8; font-weight:bold; text-indent:2em;'>
Tọa lạc tại vị trí thuận tiện ở Quận 1, The Reverie Saigon Hotel cung cấp chỗ nghỉ sang trọng và đầy phong cách với truy cập Wi-Fi miễn phí trong các phòng nghỉ. Khách sạn sở hữu hồ bơi ngoài trời, trung tâm thể dục và phòng xông hơi khô ngay trong khuôn viên, mang đến trải nghiệm nghỉ dưỡng đẳng cấp cho du khách.
</p>
<img src='/static/images/hotels/The Reverie Saigon/TheReverieSaigon_review1.jpg' style='width:800px; display:block; margin:20px auto;'>
<br>
<p style='font-size:18px; line-height:1.8; font-weight:bold; text-indent:2em;'>
Khách sạn chỉ cách Thương Xá Tax 300 m và Nhà hát Lớn 400 m. Trung tâm thương mại Union Square cách 500 m, trong khi Sân bay Quốc tế Tân Sơn Nhất cách khoảng 8 km, thuận tiện cho khách di chuyển và khám phá các điểm tham quan nổi bật tại trung tâm Sài Gòn.
</p>
<img src='/static/images/hotels/The Reverie Saigon/TheReverieSaigon_review2.jpg' style='width:800px; display:block; margin:20px auto;'>
<br>
<p style='font-size:18px; line-height:1.8; font-weight:bold; text-indent:2em;'>
Các phòng máy lạnh tại The Reverie Saigon Hotel được trang trí tinh tế với tủ quần áo, minibar, TV màn hình phẳng và khu vực tiếp khách thoải mái. Phòng tắm riêng đi kèm bồn tắm spa, tiện nghi vòi sen, áo choàng tắm và đồ vệ sinh cá nhân miễn phí, cùng tiện nghi ủi để du khách tận hưởng sự tiện lợi tối đa.
</p>
<img src='/static/images/hotels/The Reverie Saigon/TheReverieSaigon_review3.jpg' style='width:800px; display:block; margin:20px auto;'>
<br>
<p style='font-size:18px; line-height:1.8; font-weight:bold; text-indent:2em;'>
Khách có thể thư giãn với liệu pháp mát-xa tại spa hoặc thưởng thức đồ uống tại quầy bar. Nhà hàng trong khách sạn phục vụ đa dạng món ăn Châu Á và phương Tây, đồng thời cung cấp dịch vụ ăn uống riêng tư tại phòng. Quầy lễ tân 24 giờ hỗ trợ các dịch vụ như giữ hành lý, đặt xe và đưa đón sân bay, đảm bảo kỳ nghỉ của du khách trọn vẹn và thoải mái.
</p>"

Silverland Central,Ho Chi Minh,700000,3,3.6,https://images.unsplash.com/photo-1551882547-ff40c63fe5fa?auto=format&fit=crop&w=800&q=60,TRUE,TRUE,FALSE,FALSE,"
<p style='font-size:18px; line-height:1.8; font-weight:bold; text-indent:2em;'>
Silverland Bến Thành tọa lạc tại trung tâm Thành phố Hồ Chí Minh, gần Công viên Trung tâm, mang đến chỗ nghỉ tiện nghi và sang trọng với Wi-Fi miễn phí trong toàn bộ khuôn viên. Vị trí lý tưởng giúp du khách dễ dàng tiếp cận các điểm tham quan nổi tiếng, nhà hàng, quán cà phê và các trung tâm mua sắm sầm uất.
</p>
<img src='/static/images/hotels/Silverland Central/SilverlandCentral_review1.jpg' style='width:800px; display:block; margin:20px auto;'>
<br>
<p style='font-size:18px; line-height:1.8; font-weight:bold; text-indent:2em;'>
Khách sạn chỉ cách Chợ Bến Thành 1 phút đi bộ và Nhà thờ Đức Bà khoảng 800 m. Silverland Bến Thành cũng nằm gần ngã tư các đường Lê Lợi và Nguyễn Huệ, thuận tiện cho du khách khám phá các tuyến phố trung tâm, tham quan các công trình kiến trúc nổi bật và trải nghiệm nhịp sống sôi động của thành phố.
</p>
<img src='/static/images/hotels/Silverland Central/SilverlandCentral_review2.jpg' style='width:800px; display:block; margin:20px auto;'>
<br>
<p style='font-size:18px; line-height:1.8; font-weight:bold; text-indent:2em;'>
Các phòng nghỉ tại Silverland Bến Thành được trang bị điều hòa, tiện nghi pha trà/cà phê, chai nước miễn phí, két an toàn và máy sấy tóc. Không gian phòng thoải mái, trang nhã và hiện đại, tạo điều kiện cho du khách nghỉ ngơi thư giãn sau một ngày dài khám phá thành phố.
</p>
<img src='/static/images/hotels/Silverland Central/SilverlandCentral_review3.jpg' style='width:800px; display:block; margin:20px auto;'>
<br>
<p style='font-size:18px; line-height:1.8; font-weight:bold; text-indent:2em;'>
Silverland Bến Thành còn cung cấp các dịch vụ hỗ trợ như lễ tân 24 giờ, dịch vụ phòng và tư vấn du lịch, giúp chuyến lưu trú của khách trở nên dễ dàng và thuận tiện. Với vị trí trung tâm và dịch vụ chu đáo, đây là lựa chọn lý tưởng cho du khách muốn khám phá Sài Gòn một cách trọn vẹn và thoải mái.
</p>"

9 Hostel Saigon,Ho Chi Minh,350000,2,3,https://images.unsplash.com/photo-1522708323590-d24dbb6b0267?auto=format&fit=crop&w=800&q=60,FALSE,FALSE,FALSE,FALSE,"
<p style='font-size:18px; line-height:1.8; font-weight:bold; text-indent:2em;'>
9 Hostel Saigon tọa lạc tại trung tâm Quận 1, Thành phố Hồ Chí Minh, mang đến chỗ nghỉ thân thiện, tiện nghi với Wi-Fi miễn phí trong toàn bộ khuôn viên. Vị trí thuận tiện giúp du khách dễ dàng tiếp cận các điểm tham quan nổi tiếng, các quán ăn địa phương và khu vui chơi giải trí sầm uất.
</p>
<img src='/static/images/hotels/9 Hostel Saigon/9HostelSaigon_review1.jpg' style='width:800px; display:block; margin:20px auto;'>
<br>
<p style='font-size:18px; line-height:1.8; font-weight:bold; text-indent:2em;'>
Hostel cung cấp nhiều loại phòng phù hợp với khách du lịch cá nhân, nhóm bạn hoặc gia đình, từ phòng dorm chung đến phòng riêng với đầy đủ tiện nghi cơ bản như máy điều hòa, tủ cá nhân và khu vực tiếp khách. Không gian thoải mái và ấm cúng giúp du khách nghỉ ngơi thư giãn sau một ngày tham quan.
</p>
<img src='/static/images/hotels/9 Hostel Saigon/9HostelSaigon_review2.jpg' style='width:800px; display:block; margin:20px auto;'>
<br>
<p style='font-size:18px; line-height:1.8; font-weight:bold; text-indent:2em;'>
Khách sạn còn cung cấp các dịch vụ hỗ trợ như lễ tân 24/7, dịch vụ phòng, cho thuê xe đạp và tư vấn du lịch, giúp du khách dễ dàng di chuyển và khám phá thành phố. Không gian chung như bếp và khu vực sinh hoạt chung tạo điều kiện thuận lợi để khách gặp gỡ và kết bạn.
</p>
<img src='/static/images/hotels/9 Hostel Saigon/9HostelSaigon_review3.jpg' style='width:800px; display:block; margin:20px auto;'>
<br>
<p style='font-size:18px; line-height:1.8; font-weight:bold; text-indent:2em;'>
Với mức giá hợp lý, dịch vụ thân thiện và vị trí trung tâm, 9 Hostel Saigon là lựa chọn lý tưởng cho những ai muốn trải nghiệm nhịp sống sôi động của Sài Gòn mà vẫn tiết kiệm chi phí lưu trú. Đây là điểm dừng chân hoàn hảo cho du khách muốn khám phá thành phố một cách thuận tiện và trọn vẹn.
</p>"

Phuong Nam Motel,Ho Chi Minh,200000,1,2.2,https://images.unsplash.com/photo-1505691723518-36a5ac3be353?auto=format&fit=crop&w=800&q=60,FALSE,FALSE,FALSE,FALSE,"
<p style='font-size:18px; line-height:1.8; font-weight:bold; text-indent:2em;'>
Phương Nam Hotel tọa lạc tại trung tâm Thành phố Hồ Chí Minh, mang đến chỗ nghỉ tiện nghi, thoải mái với Wi-Fi miễn phí trong toàn bộ khuôn viên. Vị trí thuận lợi giúp du khách dễ dàng di chuyển đến các điểm tham quan nổi tiếng, trung tâm mua sắm và các quán cà phê đặc sắc của thành phố.
</p>
<img src='/static/images/hotels/Phuong Nam Hotel/PhuongNamHotel_review1.jpg' style='width:800px; display:block; margin:20px auto;'>
<br>
<p style='font-size:18px; line-height:1.8; font-weight:bold; text-indent:2em;'>
Khách sạn cung cấp các phòng nghỉ máy lạnh được bài trí trang nhã với đầy đủ tiện nghi như TV màn hình phẳng, minibar, két an toàn và khu vực tiếp khách. Phòng tắm riêng đi kèm tiện nghi vòi sen, dép và đồ vệ sinh cá nhân, đảm bảo mang đến sự thoải mái tối đa cho khách lưu trú.
</p>
<img src='/static/images/hotels/Phuong Nam Hotel/PhuongNamHotel_review2.jpg' style='width:800px; display:block; margin:20px auto;'>
<br>
<p style='font-size:18px; line-height:1.8; font-weight:bold; text-indent:2em;'>
Phương Nam Hotel cung cấp nhiều dịch vụ hỗ trợ như lễ tân 24 giờ, dịch vụ phòng, giặt là và tư vấn du lịch. Du khách có thể dễ dàng khám phá thành phố, đặt tour hoặc sử dụng dịch vụ vận chuyển thuận tiện ngay tại khách sạn.
</p>
<img src='/static/images/hotels/Phuong Nam Hotel/PhuongNamHotel_review3.jpg' style='width:800px; display:block; margin:20px auto;'>
<br>
<p style='font-size:18px; line-height:1.8; font-weight:bold; text-indent:2em;'>
Với mức giá hợp lý, vị trí trung tâm và dịch vụ chu đáo, Phương Nam Hotel là lựa chọn lý tưởng cho khách du lịch, công tác hay những ai muốn khám phá Sài Gòn một cách trọn vẹn, tiện lợi và thoải mái.
</p>"
